{"cameraMode":{"drawMode":0,"name":"Shaded","section":"Shading Mode"},"sceneLighting":true,"audioPlay":false,"sceneViewState":{"m_AlwaysRefresh":false,"showFog":true,"showSkybox":true,"showFlares":true,"showImageEffects":true,"showParticleSystems":true,"showVisualEffectGraphs":true,"m_FxEnabled":true},"in2DMode":false,"pivot":{"x":14.913944244384766,"y":1.3478941917419434,"z":-32.270511627197269},"rotation":{"x":-0.00792601052671671,"y":-0.6787197589874268,"z":0.007337757386267185,"w":-0.7342924475669861},"size":12.810089111328125,"orthographic":false}