{"cameraMode":{"drawMode":0,"name":"Shaded","section":"Shading Mode"},"sceneLighting":true,"audioPlay":false,"sceneViewState":{"m_AlwaysRefresh":false,"showFog":true,"showSkybox":true,"showFlares":true,"showImageEffects":true,"showParticleSystems":true,"showVisualEffectGraphs":true,"m_FxEnabled":true},"in2DMode":false,"pivot":{"x":0.07422947883605957,"y":-3.481299877166748,"z":11.83663272857666},"rotation":{"x":-0.00792601052671671,"y":-0.6787197589874268,"z":0.007337757386267185,"w":-0.7342924475669861},"size":111.21866607666016,"orthographic":false}