{"cameraMode":{"drawMode":0,"name":"Shaded","section":"Shading Mode"},"sceneLighting":true,"audioPlay":false,"sceneViewState":{"m_AlwaysRefresh":false,"showFog":true,"showSkybox":true,"showFlares":true,"showImageEffects":true,"showParticleSystems":true,"showVisualEffectGraphs":true,"m_FxEnabled":true},"in2DMode":false,"pivot":{"x":83.44281005859375,"y":-117.95664978027344,"z":97.88650512695313},"rotation":{"x":0.32757657766342165,"y":0.42847776412963869,"z":-0.17051474750041963,"w":0.8244770765304565},"size":114.2135009765625,"orthographic":false}