{"cameraMode":{"drawMode":0,"name":"Shaded","section":"Shading Mode"},"sceneLighting":true,"audioPlay":false,"sceneViewState":{"m_AlwaysRefresh":false,"showFog":true,"showSkybox":true,"showFlares":true,"showImageEffects":true,"showParticleSystems":true,"showVisualEffectGraphs":true,"m_FxEnabled":true},"in2DMode":false,"pivot":{"x":11.916288375854493,"y":36.927520751953128,"z":7.458751678466797},"rotation":{"x":-0.19962142407894135,"y":0.056402478367090228,"z":-0.011510380543768406,"w":-0.9781820178031921},"size":6.592223167419434,"orthographic":false}