{"cameraMode":{"drawMode":0,"name":"Shaded","section":"Shading Mode"},"sceneLighting":true,"audioPlay":false,"sceneViewState":{"m_AlwaysRefresh":false,"showFog":true,"showSkybox":true,"showFlares":true,"showImageEffects":true,"showParticleSystems":true,"showVisualEffectGraphs":true,"m_FxEnabled":true},"in2DMode":false,"pivot":{"x":33.396461486816409,"y":-1.3913145065307618,"z":-17.06024932861328},"rotation":{"x":-0.22558288276195527,"y":-0.5693390965461731,"z":0.16632801294326783,"w":-0.7727213501930237},"size":55.385765075683597,"orthographic":false}