{"cameraMode":{"drawMode":0,"name":"Shaded","section":"Shading Mode"},"sceneLighting":false,"audioPlay":false,"sceneViewState":{"m_AlwaysRefresh":false,"showFog":true,"showSkybox":false,"showFlares":true,"showImageEffects":true,"showParticleSystems":true,"showVisualEffectGraphs":true,"m_FxEnabled":true},"in2DMode":false,"pivot":{"x":-0.35157647728919985,"y":0.527758002281189,"z":-4.093017101287842},"rotation":{"x":-0.28420111536979678,"y":0.22813773155212403,"z":-0.06982941180467606,"w":-0.9286097884178162},"size":1.5727481842041016,"orthographic":false}